time_step,agent_id,x,y
0,200000,358168.48,5646571.819999999
0,200001,355376.78,5645353.17
0,200002,358616.5,5645775.06
0,200003,357419.59,5644450.25
0,200004,356643.53,5645337.68
0,200005,356577.31,5646702.33
0,200006,358736.25,5644917.38
0,200007,358693.08,5646250.64
0,200008,357938.46,5646019.6899999995
0,200009,358868.91,5643419.3
