time_step,agent_id,x,y
0,200000,357379.44,5645621.7299999995
0,200001,357938.46,5646019.6899999995
0,200002,355334.51,5644819.14
0,200003,357192.22000000003,5642942.17
0,200004,356029.75,5646180.399999999
0,200005,357938.46,5646019.6899999995
0,200006,357058.35,5643387.01
0,200007,359259.45,5643522.64
0,200008,358027.94,5645275.29
0,200009,359272.23,5645310.85
