{
    "algorithm": "Density-Based",
    "num_rsus": 1,
    "rsu_radius": 100,
    "coverage": 1.39212953538264,
    "avg_distance": 1392.2197265625,
    "coverage_per_timestep": [
        0.0,
        0.0,
        0.0,
        0.0,
        0.0,
        0.0,
        0.0,
        0.0,
        0.0,
        0.0,
        0.0,
        0.0,
        0.0,
        0.0,
        0.0,
        0.0,
        0.0,
        0.0,
        0.0,
        0.0,
        0.0,
        0.0,
        0.0,
        0.0,
        0.0,
        0.0,
        0.0,
        0.0,
        0.0,
        0.0,
        0.0,
        0.0,
        0.0,
        0.0,
        0.0,
        0.0,
        0.0,
        0.0,
        0.0,
        0.0,
        0.0,
        0.0,
        0.0,
        0.0,
        0.0,
        0.0,
        0.0,
        0.0,
        0.0,
        0.0,
        0.0,
        0.0,
        0.0,
        0.0,
        0.0,
        0.0,
        0.0,
        0.0,
        0.0,
        0.0,
        0.0,
        0.0,
        0.0,
        0.0,
        0.0,
        0.0,
        0.0,
        0.0,
        0.0,
        0.0,
        0.0,
        0.0,
        0.0,
        0.0,
        0.0,
        0.0,
        0.0,
        0.0,
        0.0,
        0.0,
        0.0,
        0.0,
        0.0,
        0.0,
        0.0,
        0.0,
        0.0,
        0.0,
        0.0,
        0.0,
        0.0,
        0.0,
        0.0,
        0.0,
        0.0,
        0.0,
        0.0,
        0.0,
        0.0,
        0.0,
        0.0,
        0.0,
        0.0,
        0.0,
        0.0,
        0.6369426751592357,
        0.6369426751592357,
        1.2738853503184715,
        1.2738853503184715,
        1.2738853503184715,
        1.2738853503184715,
        1.2738853503184715,
        1.2738853503184715,
        1.2738853503184715,
        1.2738853503184715,
        1.2738853503184715,
        1.282051282051282,
        1.9230769230769231,
        1.282051282051282,
        1.282051282051282,
        1.282051282051282,
        1.282051282051282,
        1.282051282051282,
        1.282051282051282,
        1.282051282051282,
        0.641025641025641,
        1.282051282051282,
        1.282051282051282,
        1.282051282051282,
        1.282051282051282,
        1.282051282051282,
        1.282051282051282,
        1.282051282051282,
        1.282051282051282,
        0.6493506493506493,
        0.6493506493506493,
        0.6493506493506493,
        0.6493506493506493,
        0.6493506493506493,
        0.6493506493506493,
        0.6493506493506493,
        0.6493506493506493,
        0.0,
        0.0,
        0.0,
        0.0,
        0.0,
        0.0,
        0.0,
        0.0,
        0.0,
        0.6493506493506493,
        0.6493506493506493,
        0.6493506493506493,
        0.6493506493506493,
        0.6493506493506493,
        0.6535947712418301,
        0.6535947712418301,
        0.6535947712418301,
        0.6535947712418301,
        0.6535947712418301,
        0.6535947712418301,
        0.6535947712418301,
        0.6535947712418301,
        0.6535947712418301,
        0.6535947712418301,
        0.0,
        0.6535947712418301,
        0.6535947712418301,
        0.6535947712418301,
        0.6535947712418301,
        0.6535947712418301,
        0.6535947712418301,
        0.6535947712418301,
        0.6535947712418301,
        0.6666666666666667,
        0.6666666666666667,
        0.6666666666666667,
        2.013422818791946,
        2.013422818791946,
        2.013422818791946,
        2.684563758389262,
        2.013422818791946,
        2.013422818791946,
        2.027027027027027,
        2.027027027027027,
        2.7027027027027026,
        2.7027027027027026,
        2.7027027027027026,
        2.7027027027027026,
        2.7027027027027026,
        2.7027027027027026,
        1.3513513513513513,
        1.3513513513513513,
        1.3513513513513513,
        0.684931506849315,
        0.684931506849315,
        0.684931506849315,
        0.684931506849315,
        0.684931506849315,
        0.684931506849315,
        0.0,
        0.0,
        0.0,
        0.0,
        0.684931506849315,
        0.684931506849315,
        0.684931506849315,
        1.36986301369863,
        1.36986301369863,
        1.36986301369863,
        1.36986301369863,
        1.36986301369863,
        1.3793103448275863,
        2.0689655172413794,
        2.0689655172413794,
        2.7586206896551726,
        2.7586206896551726,
        2.7586206896551726,
        2.7586206896551726,
        2.7586206896551726,
        2.0689655172413794,
        2.7586206896551726,
        2.7586206896551726,
        2.7586206896551726,
        2.7586206896551726,
        2.0689655172413794,
        2.083333333333333,
        2.797202797202797,
        2.097902097902098,
        2.097902097902098,
        1.3986013986013985,
        2.097902097902098,
        3.5211267605633805,
        3.5211267605633805,
        3.5211267605633805,
        3.5211267605633805,
        3.5211267605633805,
        3.5211267605633805,
        3.546099290780142,
        3.571428571428571,
        3.571428571428571,
        3.571428571428571,
        3.571428571428571,
        2.857142857142857,
        2.857142857142857,
        2.857142857142857,
        2.142857142857143,
        1.4285714285714286,
        1.4388489208633095,
        1.4388489208633095,
        0.7194244604316548,
        0.7194244604316548,
        0.7194244604316548,
        0.7194244604316548,
        0.0,
        0.7194244604316548,
        0.7194244604316548,
        0.7246376811594203,
        0.7246376811594203,
        0.7246376811594203,
        0.7246376811594203,
        0.7299270072992701,
        0.7299270072992701,
        0.7299270072992701,
        0.7299270072992701,
        0.7352941176470588,
        0.7352941176470588,
        0.7352941176470588,
        0.7352941176470588,
        0.7352941176470588,
        0.7407407407407408,
        0.0,
        0.0,
        0.7462686567164178,
        0.7462686567164178,
        0.7462686567164178,
        0.7518796992481203,
        0.7518796992481203,
        0.7575757575757576,
        0.7575757575757576,
        0.7575757575757576,
        0.7633587786259541,
        0.7633587786259541,
        0.7692307692307693,
        2.307692307692308,
        2.307692307692308,
        2.307692307692308,
        2.3255813953488373,
        2.3255813953488373,
        2.34375,
        2.3622047244094486,
        2.3622047244094486,
        2.3622047244094486,
        2.3622047244094486,
        2.3622047244094486,
        2.380952380952381,
        2.4,
        2.4,
        2.4,
        2.4,
        2.4,
        1.6,
        2.4,
        3.225806451612903,
        3.225806451612903,
        2.4193548387096775,
        2.4193548387096775,
        3.2520325203252036,
        4.0650406504065035,
        4.098360655737705,
        4.098360655737705,
        4.918032786885246,
        4.918032786885246,
        5.785123966942149,
        5.785123966942149,
        5.785123966942149,
        4.166666666666666,
        5.0,
        4.166666666666666,
        4.166666666666666,
        3.3333333333333335,
        3.361344537815126,
        3.361344537815126,
        4.201680672268908,
        4.201680672268908,
        5.042016806722689,
        5.042016806722689,
        5.042016806722689,
        4.201680672268908,
        4.23728813559322,
        5.128205128205128,
        5.172413793103448,
        4.310344827586207,
        3.4782608695652173,
        3.4782608695652173,
        3.508771929824561,
        3.508771929824561,
        2.6548672566371683,
        2.6548672566371683,
        2.6548672566371683,
        2.6548672566371683,
        2.6548672566371683,
        1.7857142857142856,
        1.7857142857142856,
        0.8928571428571428,
        0.8928571428571428,
        0.9009009009009009,
        0.0,
        0.0,
        0.0,
        0.0,
        0.0,
        0.0,
        0.9009009009009009,
