{
    "algorithm": "GARSUD",
    "num_rsus": 3,
    "rsu_radius": 200,
    "coverage": 3.816220109929689,
    "avg_distance": 918.5745849609375,
    "coverage_per_timestep": [
        0.0,
        0.0,
        0.0,
        0.0,
        0.0,
        0.0,
        0.0,
        0.0,
        0.0,
        0.0,
        0.0,
        0.0,
        0.0,
        0.0,
        0.0,
        0.0,
        0.0,
        0.0,
        0.0,
        0.0,
        0.0,
        0.0,
        0.0,
        0.0,
        0.0,
        0.0,
        0.0,
        0.0,
        2.2222222222222223,
        2.127659574468085,
        2.0408163265306123,
        2.0,
        1.9230769230769231,
        1.8518518518518516,
        1.8181818181818181,
        1.7857142857142856,
        0.0,
        0.0,
        0.0,
        0.0,
        0.0,
        0.0,
        0.0,
        0.0,
        0.0,
        0.0,
        1.36986301369863,
        2.666666666666667,
        3.9473684210526314,
        3.8461538461538463,
        5.0,
        4.938271604938271,
        4.819277108433735,
        4.705882352941177,
        4.651162790697675,
        4.545454545454546,
        4.545454545454546,
        4.444444444444445,
        4.3478260869565215,
        4.301075268817205,
        4.2105263157894735,
        4.123711340206185,
        3.061224489795918,
        4.0,
        3.9215686274509802,
        3.8834951456310676,
        3.8095238095238098,
        3.7383177570093453,
        3.7037037037037033,
        3.6363636363636362,
        3.571428571428571,
        3.5398230088495577,
        3.4782608695652173,
        3.418803418803419,
        3.389830508474576,
        3.3333333333333335,
        3.3057851239669422,
        3.2520325203252036,
        3.225806451612903,
        3.2,
        3.149606299212598,
        3.10077519379845,
        3.8461538461538463,
        3.787878787878788,
        3.731343283582089,
        3.7037037037037033,
        3.64963503649635,
        3.597122302158273,
        2.857142857142857,
        2.8169014084507045,
        2.083333333333333,
        2.0689655172413794,
        2.0408163265306123,
        2.027027027027027,
        2.013422818791946,
        1.9867549668874174,
        2.631578947368421,
        2.5974025974025974,
        2.564102564102564,
        2.547770700636943,
        2.547770700636943,
        1.2738853503184715,
        1.2738853503184715,
        1.2738853503184715,
        1.2738853503184715,
        0.6369426751592357,
        0.6369426751592357,
        0.6369426751592357,
        0.6369426751592357,
        0.6369426751592357,
        0.6369426751592357,
        1.2738853503184715,
        1.2738853503184715,
        1.2738853503184715,
        1.2738853503184715,
        1.2738853503184715,
        1.282051282051282,
        1.282051282051282,
        1.282051282051282,
        1.282051282051282,
        1.282051282051282,
        1.282051282051282,
        1.282051282051282,
        1.282051282051282,
        1.282051282051282,
        1.282051282051282,
        1.282051282051282,
        1.9230769230769231,
        1.9230769230769231,
        1.9230769230769231,
        1.9230769230769231,
        1.9230769230769231,
        1.9230769230769231,
        2.564102564102564,
        2.5974025974025974,
        2.5974025974025974,
        2.5974025974025974,
        2.5974025974025974,
        2.5974025974025974,
        2.5974025974025974,
        2.5974025974025974,
        2.5974025974025974,
        2.5974025974025974,
        2.5974025974025974,
        2.5974025974025974,
        2.5974025974025974,
        2.5974025974025974,
        2.5974025974025974,
        2.5974025974025974,
        3.2467532467532463,
        3.896103896103896,
        3.2467532467532463,
        3.896103896103896,
        3.896103896103896,
        3.896103896103896,
        3.896103896103896,
        3.9215686274509802,
        3.2679738562091507,
        3.2679738562091507,
        3.2679738562091507,
        3.2679738562091507,
        3.2679738562091507,
        3.2679738562091507,
        3.2679738562091507,
        3.2679738562091507,
        3.2679738562091507,
        3.2679738562091507,
        3.2679738562091507,
        3.9215686274509802,
        4.57516339869281,
        4.57516339869281,
        4.57516339869281,
        4.57516339869281,
        4.57516339869281,
        4.57516339869281,
        4.666666666666667,
        5.333333333333334,
        5.333333333333334,
        5.369127516778524,
        5.369127516778524,
        5.369127516778524,
        5.369127516778524,
        5.369127516778524,
        5.369127516778524,
        5.405405405405405,
        5.405405405405405,
        5.405405405405405,
        5.405405405405405,
        5.405405405405405,
        4.72972972972973,
        5.405405405405405,
        6.081081081081082,
        6.081081081081082,
        6.081081081081082,
        6.081081081081082,
        6.8493150684931505,
        6.8493150684931505,
        6.8493150684931505,
        6.8493150684931505,
        6.8493150684931505,
        6.164383561643835,
        5.47945205479452,
        5.47945205479452,
        5.47945205479452,
        5.47945205479452,
        6.164383561643835,
        5.47945205479452,
        5.47945205479452,
        5.47945205479452,
        6.164383561643835,
        4.794520547945205,
        4.794520547945205,
        4.10958904109589,
        4.137931034482759,
        4.827586206896552,
        4.827586206896552,
        4.827586206896552,
        4.827586206896552,
        4.827586206896552,
        4.827586206896552,
        4.827586206896552,
        4.827586206896552,
        4.827586206896552,
        4.137931034482759,
        4.137931034482759,
        3.4482758620689653,
        4.137931034482759,
        4.166666666666666,
        4.195804195804196,
        4.895104895104895,
        4.895104895104895,
        4.195804195804196,
        4.195804195804196,
        4.225352112676056,
        4.225352112676056,
        4.225352112676056,
        4.225352112676056,
        4.225352112676056,
        4.225352112676056,
        4.25531914893617,
        4.285714285714286,
        2.857142857142857,
        2.857142857142857,
        2.857142857142857,
        2.857142857142857,
        3.571428571428571,
        3.571428571428571,
        3.571428571428571,
        3.571428571428571,
        3.597122302158273,
        3.597122302158273,
        3.597122302158273,
        3.597122302158273,
        3.597122302158273,
        3.597122302158273,
        3.597122302158273,
        3.597122302158273,
        3.597122302158273,
        3.6231884057971016,
        4.3478260869565215,
        4.3478260869565215,
        4.3478260869565215,
        3.64963503649635,
        3.64963503649635,
        3.64963503649635,
        3.64963503649635,
        3.6764705882352944,
        3.6764705882352944,
        3.6764705882352944,
        3.6764705882352944,
        4.411764705882353,
        4.444444444444445,
        4.444444444444445,
        4.444444444444445,
        4.477611940298507,
        4.477611940298507,
        4.477611940298507,
        4.511278195488721,
        4.511278195488721,
        4.545454545454546,
        4.545454545454546,
        4.545454545454546,
        4.580152671755725,
        4.580152671755725,
        4.615384615384616,
        5.384615384615385,
        5.384615384615385,
        5.384615384615385,
        6.2015503875969,
        6.2015503875969,
        6.25,
        5.511811023622047,
        6.299212598425196,
        6.299212598425196,
        6.299212598425196,
        6.299212598425196,
        6.349206349206349,
        5.6000000000000005,
        5.6000000000000005,
        5.6000000000000005,
        5.6000000000000005,
        5.6000000000000005,
        4.8,
        4.8,
        4.838709677419355,
        4.838709677419355,
        4.838709677419355,
        4.838709677419355,
        4.878048780487805,
        3.2520325203252036,
