{
    "algorithm": "GARSUD",
    "num_rsus": 1,
    "rsu_radius": 300,
    "coverage": 9.556992749651576,
    "avg_distance": 1297.324462890625,
    "coverage_per_timestep": [
        0.0,
        0.0,
        0.0,
        0.0,
        0.0,
        0.0,
        0.0,
        0.0,
        0.0,
        0.0,
        0.0,
        0.0,
        0.0,
        0.0,
        0.0,
        0.0,
        0.0,
        0.0,
        0.0,
        0.0,
        0.0,
        0.0,
        0.0,
        0.0,
        0.0,
        0.0,
        0.0,
        0.0,
        0.0,
        0.0,
        0.0,
        0.0,
        0.0,
        1.8518518518518516,
        1.8181818181818181,
        1.7857142857142856,
        1.7241379310344827,
        1.694915254237288,
        1.639344262295082,
        1.639344262295082,
        1.5873015873015872,
        1.5384615384615385,
        1.5151515151515151,
        1.4492753623188406,
        1.4084507042253522,
        1.4084507042253522,
        1.36986301369863,
        1.3333333333333335,
        1.3157894736842104,
        1.282051282051282,
        1.25,
        1.2345679012345678,
        1.2048192771084338,
        1.1764705882352942,
        1.1627906976744187,
        1.1363636363636365,
        1.1363636363636365,
        2.2222222222222223,
        2.1739130434782608,
        2.1505376344086025,
        2.1052631578947367,
        2.0618556701030926,
        2.0408163265306123,
        2.0,
        1.9607843137254901,
        1.9417475728155338,
        1.9047619047619049,
        1.8691588785046727,
        1.8518518518518516,
        1.8181818181818181,
        1.7857142857142856,
        1.7699115044247788,
        1.7391304347826086,
        1.7094017094017095,
        1.694915254237288,
        1.6666666666666667,
        1.6528925619834711,
        2.4390243902439024,
        2.4193548387096775,
        2.4,
        2.3622047244094486,
        2.3255813953488373,
        2.307692307692308,
        2.272727272727273,
        2.2388059701492535,
        2.2222222222222223,
        2.18978102189781,
        2.158273381294964,
        2.142857142857143,
        2.112676056338028,
        2.083333333333333,
        2.0689655172413794,
        2.7210884353741496,
        2.7027027027027026,
        2.684563758389262,
        2.6490066225165565,
        3.289473684210526,
        3.2467532467532463,
        3.205128205128205,
        3.1847133757961785,
        3.1847133757961785,
        3.1847133757961785,
        3.1847133757961785,
        3.1847133757961785,
        3.1847133757961785,
        3.1847133757961785,
        2.547770700636943,
        2.547770700636943,
        2.547770700636943,
        2.547770700636943,
        1.910828025477707,
        1.910828025477707,
        2.547770700636943,
        2.547770700636943,
        2.547770700636943,
        2.547770700636943,
        1.9230769230769231,
        1.9230769230769231,
        1.9230769230769231,
        1.9230769230769231,
        1.9230769230769231,
        1.282051282051282,
        1.282051282051282,
        1.282051282051282,
        0.641025641025641,
        0.641025641025641,
        0.641025641025641,
        1.282051282051282,
        1.282051282051282,
        1.282051282051282,
        1.282051282051282,
        1.282051282051282,
        1.9230769230769231,
        1.9230769230769231,
        1.948051948051948,
        1.948051948051948,
        1.948051948051948,
        1.948051948051948,
        1.948051948051948,
        1.948051948051948,
        1.948051948051948,
        1.948051948051948,
        1.948051948051948,
        1.948051948051948,
        1.948051948051948,
        1.948051948051948,
        1.948051948051948,
        1.2987012987012987,
        0.6493506493506493,
        0.6493506493506493,
        1.2987012987012987,
        1.2987012987012987,
        1.948051948051948,
        1.948051948051948,
        1.2987012987012987,
        1.2987012987012987,
        0.0,
        0.6535947712418301,
        0.6535947712418301,
        0.6535947712418301,
        0.6535947712418301,
        0.6535947712418301,
        0.6535947712418301,
        0.6535947712418301,
        0.6535947712418301,
        0.6535947712418301,
        0.6535947712418301,
        0.6535947712418301,
        0.6535947712418301,
        0.6535947712418301,
        0.6535947712418301,
        0.6535947712418301,
        0.6535947712418301,
        1.3071895424836601,
        1.3071895424836601,
        1.3333333333333335,
        1.3333333333333335,
        1.3333333333333335,
        1.342281879194631,
        0.6711409395973155,
        0.6711409395973155,
        0.6711409395973155,
        0.6711409395973155,
        0.6711409395973155,
        0.6756756756756757,
        0.6756756756756757,
        0.6756756756756757,
        0.6756756756756757,
        0.6756756756756757,
        0.6756756756756757,
        1.3513513513513513,
        1.3513513513513513,
        2.027027027027027,
        2.027027027027027,
        1.3513513513513513,
        1.36986301369863,
        0.684931506849315,
        0.684931506849315,
        0.684931506849315,
        0.684931506849315,
        0.684931506849315,
        0.684931506849315,
        0.684931506849315,
        0.684931506849315,
        0.684931506849315,
        2.054794520547945,
        2.054794520547945,
        2.73972602739726,
        2.73972602739726,
        2.73972602739726,
        2.73972602739726,
        2.73972602739726,
        2.73972602739726,
        2.7586206896551726,
        2.7586206896551726,
        2.7586206896551726,
        2.0689655172413794,
        2.0689655172413794,
        2.0689655172413794,
        1.3793103448275863,
        1.3793103448275863,
        1.3793103448275863,
        1.3793103448275863,
        1.3793103448275863,
        1.3793103448275863,
        1.3793103448275863,
        1.3793103448275863,
        1.3888888888888888,
        1.3986013986013985,
        1.3986013986013985,
        1.3986013986013985,
        1.3986013986013985,
        1.3986013986013985,
        1.4084507042253522,
        1.4084507042253522,
        1.4084507042253522,
        1.4084507042253522,
        1.4084507042253522,
        1.4084507042253522,
        1.4184397163120568,
        1.4285714285714286,
        1.4285714285714286,
        1.4285714285714286,
        1.4285714285714286,
        1.4285714285714286,
        1.4285714285714286,
        1.4285714285714286,
        2.142857142857143,
        2.142857142857143,
        2.877697841726619,
        2.877697841726619,
        2.158273381294964,
        1.4388489208633095,
        2.158273381294964,
        2.158273381294964,
        2.158273381294964,
        2.877697841726619,
        2.877697841726619,
        2.898550724637681,
        2.898550724637681,
        2.898550724637681,
        2.898550724637681,
        2.18978102189781,
        2.18978102189781,
        1.4598540145985401,
        1.4598540145985401,
        1.4705882352941175,
        1.4705882352941175,
        1.4705882352941175,
        1.4705882352941175,
        1.4705882352941175,
        1.4814814814814816,
        1.4814814814814816,
        1.4814814814814816,
        1.4925373134328357,
        1.4925373134328357,
        1.4925373134328357,
        1.5037593984962405,
        1.5037593984962405,
        1.5151515151515151,
        1.5151515151515151,
        1.5151515151515151,
        1.5267175572519083,
        1.5267175572519083,
        1.5384615384615385,
        1.5384615384615385,
        0.7692307692307693,
        1.5384615384615385,
        1.550387596899225,
        1.550387596899225,
        2.34375,
        2.3622047244094486,
        2.3622047244094486,
        2.3622047244094486,
        2.3622047244094486,
        2.3622047244094486,
        1.5873015873015872,
        1.6,
        1.6,
        1.6,
        1.6,
        1.6,
        1.6,
        1.6,
        0.8064516129032258,
        0.8064516129032258,
        0.8064516129032258,
