{
    "algorithm": "GARSUD",
    "num_rsus": 1,
    "rsu_radius": 400,
    "coverage": 5.101865046430417,
    "avg_distance": 1990.219482421875,
    "coverage_per_timestep": [
        0.0,
        0.0,
        0.0,
        0.0,
        0.0,
        0.0,
        0.0,
        0.0,
        0.0,
        0.0,
        0.0,
        0.0,
        0.0,
        0.0,
        0.0,
        0.0,
        0.0,
        0.0,
        0.0,
        0.0,
        0.0,
        0.0,
        0.0,
        0.0,
        0.0,
        0.0,
        0.0,
        0.0,
        0.0,
        0.0,
        0.0,
        0.0,
        0.0,
        1.8518518518518516,
        1.8181818181818181,
        1.7857142857142856,
        1.7241379310344827,
        1.694915254237288,
        1.639344262295082,
        1.639344262295082,
        1.5873015873015872,
        1.5384615384615385,
        1.5151515151515151,
        1.4492753623188406,
        2.8169014084507045,
        2.8169014084507045,
        2.73972602739726,
        2.666666666666667,
        2.631578947368421,
        2.564102564102564,
        2.5,
        2.4691358024691357,
        2.4096385542168677,
        2.3529411764705883,
        2.3255813953488373,
        2.272727272727273,
        2.272727272727273,
        3.3333333333333335,
        3.260869565217391,
        3.225806451612903,
        3.1578947368421053,
        3.0927835051546393,
        3.061224489795918,
        3.0,
        2.941176470588235,
        2.912621359223301,
        2.857142857142857,
        2.803738317757009,
        2.7777777777777777,
        2.727272727272727,
        2.6785714285714284,
        2.6548672566371683,
        2.608695652173913,
        2.564102564102564,
        2.5423728813559325,
        2.5,
        2.479338842975207,
        2.4390243902439024,
        2.4193548387096775,
        2.4,
        2.3622047244094486,
        3.875968992248062,
        3.8461538461538463,
        3.787878787878788,
        3.731343283582089,
        3.7037037037037033,
        3.64963503649635,
        3.597122302158273,
        3.571428571428571,
        3.5211267605633805,
        3.4722222222222223,
        3.4482758620689653,
        4.081632653061225,
        4.72972972972973,
        4.697986577181208,
        4.635761589403973,
        4.605263157894736,
        4.545454545454546,
        4.487179487179487,
        4.45859872611465,
        3.821656050955414,
        3.821656050955414,
        3.821656050955414,
        3.821656050955414,
        3.821656050955414,
        3.821656050955414,
        3.821656050955414,
        4.45859872611465,
        4.45859872611465,
        4.45859872611465,
        4.45859872611465,
        4.45859872611465,
        4.45859872611465,
        4.45859872611465,
        4.45859872611465,
        4.45859872611465,
        4.487179487179487,
        3.8461538461538463,
        3.8461538461538463,
        3.8461538461538463,
        3.205128205128205,
        3.205128205128205,
        3.205128205128205,
        3.205128205128205,
        3.205128205128205,
        3.205128205128205,
        3.205128205128205,
        3.205128205128205,
        3.205128205128205,
        3.205128205128205,
        3.205128205128205,
        3.205128205128205,
        3.205128205128205,
        3.205128205128205,
        3.2467532467532463,
        3.2467532467532463,
        3.2467532467532463,
        3.2467532467532463,
        3.2467532467532463,
        3.2467532467532463,
        3.2467532467532463,
        3.2467532467532463,
        2.5974025974025974,
        2.5974025974025974,
        2.5974025974025974,
        2.5974025974025974,
        2.5974025974025974,
        2.5974025974025974,
        2.5974025974025974,
        2.5974025974025974,
        2.5974025974025974,
        2.5974025974025974,
        2.5974025974025974,
        2.5974025974025974,
        2.5974025974025974,
        3.2467532467532463,
        3.2679738562091507,
        3.2679738562091507,
        3.2679738562091507,
        3.2679738562091507,
        3.2679738562091507,
        2.6143790849673203,
        2.6143790849673203,
        2.6143790849673203,
        2.6143790849673203,
        2.6143790849673203,
        1.9607843137254901,
        1.9607843137254901,
        1.9607843137254901,
        1.9607843137254901,
        1.9607843137254901,
        3.2679738562091507,
        3.2679738562091507,
        3.2679738562091507,
        3.2679738562091507,
        3.3333333333333335,
        4.0,
        4.0,
        4.026845637583892,
        4.026845637583892,
        4.026845637583892,
        4.026845637583892,
        4.026845637583892,
        4.026845637583892,
        4.054054054054054,
        4.054054054054054,
        4.054054054054054,
        4.054054054054054,
        4.054054054054054,
        4.054054054054054,
        4.054054054054054,
        4.054054054054054,
        4.054054054054054,
        4.054054054054054,
        4.054054054054054,
        4.10958904109589,
        4.10958904109589,
        4.10958904109589,
        4.10958904109589,
        4.10958904109589,
        3.4246575342465753,
        3.4246575342465753,
        2.73972602739726,
        2.73972602739726,
        2.73972602739726,
        2.73972602739726,
        2.73972602739726,
        2.73972602739726,
        2.73972602739726,
        2.054794520547945,
        2.054794520547945,
        2.054794520547945,
        2.054794520547945,
        1.3793103448275863,
        1.3793103448275863,
        1.3793103448275863,
        1.3793103448275863,
        1.3793103448275863,
        1.3793103448275863,
        1.3793103448275863,
        1.3793103448275863,
        1.3793103448275863,
        1.3793103448275863,
        1.3793103448275863,
        2.0689655172413794,
        2.0689655172413794,
        2.0689655172413794,
        2.083333333333333,
        2.097902097902098,
        2.097902097902098,
        2.097902097902098,
        2.097902097902098,
        2.097902097902098,
        2.8169014084507045,
        2.8169014084507045,
        2.8169014084507045,
        2.8169014084507045,
        2.8169014084507045,
        2.8169014084507045,
        2.8368794326241136,
        2.857142857142857,
        2.857142857142857,
        3.571428571428571,
        2.857142857142857,
        3.571428571428571,
        2.857142857142857,
        2.857142857142857,
        2.857142857142857,
        2.857142857142857,
        2.877697841726619,
        2.877697841726619,
        2.877697841726619,
        2.877697841726619,
        2.877697841726619,
        2.877697841726619,
        2.877697841726619,
        2.877697841726619,
        2.877697841726619,
        2.898550724637681,
        2.898550724637681,
        2.898550724637681,
        2.898550724637681,
        2.9197080291970803,
        2.9197080291970803,
        2.9197080291970803,
        2.9197080291970803,
        3.6764705882352944,
        3.6764705882352944,
        3.6764705882352944,
        3.6764705882352944,
        3.6764705882352944,
        3.7037037037037033,
        3.7037037037037033,
        3.7037037037037033,
        3.731343283582089,
        3.731343283582089,
        3.731343283582089,
        3.7593984962406015,
        3.7593984962406015,
        3.787878787878788,
        3.0303030303030303,
        3.0303030303030303,
        3.816793893129771,
        3.816793893129771,
        3.8461538461538463,
        3.8461538461538463,
        3.8461538461538463,
        3.8461538461538463,
        3.875968992248062,
        3.875968992248062,
        3.90625,
        3.937007874015748,
        3.937007874015748,
        3.937007874015748,
        3.937007874015748,
        3.937007874015748,
        3.968253968253968,
        3.2,
        3.2,
        2.4,
        2.4,
        2.4,
        2.4,
        2.4,
        2.4193548387096775,
        2.4193548387096775,
        2.4193548387096775,
        2.4193548387096775,
        3.2520325203252036,
        3.2520325203252036,
