{
    "algorithm": "GARSUD",
    "num_rsus": 5,
    "rsu_radius": 100,
    "coverage": 1.5424607338041623,
    "avg_distance": 865.6358642578125,
    "coverage_per_timestep": [
        0.0,
        0.0,
        0.0,
        0.0,
        0.0,
        0.0,
        0.0,
        7.6923076923076925,
        7.142857142857142,
        6.25,
        5.555555555555555,
        5.263157894736842,
        4.761904761904762,
        4.3478260869565215,
        4.166666666666666,
        7.6923076923076925,
        7.142857142857142,
        6.896551724137931,
        6.451612903225806,
        6.25,
        5.88235294117647,
        2.7777777777777777,
        2.7027027027027026,
        2.564102564102564,
        0.0,
        0.0,
        0.0,
        0.0,
        0.0,
        0.0,
        0.0,
        0.0,
        0.0,
        0.0,
        0.0,
        0.0,
        0.0,
        0.0,
        0.0,
        0.0,
        0.0,
        0.0,
        3.0303030303030303,
        2.898550724637681,
        2.8169014084507045,
        2.8169014084507045,
        2.73972602739726,
        2.666666666666667,
        2.631578947368421,
        1.282051282051282,
        0.0,
        0.0,
        0.0,
        0.0,
        0.0,
        0.0,
        0.0,
        0.0,
        0.0,
        0.0,
        0.0,
        0.0,
        0.0,
        0.0,
        0.0,
        0.9708737864077669,
        0.9523809523809524,
        0.9345794392523363,
        0.9259259259259258,
        0.9090909090909091,
        0.8928571428571428,
        0.8849557522123894,
        0.8695652173913043,
        0.8547008547008548,
        0.847457627118644,
        0.8333333333333334,
        0.8264462809917356,
        0.8130081300813009,
        0.8064516129032258,
        0.8,
        0.0,
        0.0,
        0.7692307692307693,
        0.7575757575757576,
        0.7462686567164178,
        0.7407407407407408,
        0.7299270072992701,
        0.7194244604316548,
        0.7142857142857143,
        1.4084507042253522,
        1.3888888888888888,
        1.3793103448275863,
        1.3605442176870748,
        1.3513513513513513,
        1.342281879194631,
        1.9867549668874174,
        1.3157894736842104,
        1.2987012987012987,
        1.282051282051282,
        1.2738853503184715,
        1.2738853503184715,
        1.2738853503184715,
        1.2738853503184715,
        1.2738853503184715,
        1.2738853503184715,
        1.2738853503184715,
        1.2738853503184715,
        1.2738853503184715,
        1.2738853503184715,
        1.2738853503184715,
        1.2738853503184715,
        0.6369426751592357,
        0.6369426751592357,
        0.6369426751592357,
        0.6369426751592357,
        0.6369426751592357,
        1.282051282051282,
        1.282051282051282,
        1.282051282051282,
        1.9230769230769231,
        1.282051282051282,
        1.9230769230769231,
        1.9230769230769231,
        1.9230769230769231,
        1.9230769230769231,
        1.9230769230769231,
        1.9230769230769231,
        1.9230769230769231,
        1.9230769230769231,
        1.9230769230769231,
        1.9230769230769231,
        2.564102564102564,
        2.564102564102564,
        2.564102564102564,
        1.948051948051948,
        2.5974025974025974,
        3.2467532467532463,
        2.5974025974025974,
        1.948051948051948,
        1.948051948051948,
        1.948051948051948,
        1.948051948051948,
        1.948051948051948,
        1.948051948051948,
        1.2987012987012987,
        1.2987012987012987,
        1.2987012987012987,
        1.2987012987012987,
        1.2987012987012987,
        0.6493506493506493,
        0.6493506493506493,
        0.0,
        0.0,
        0.0,
        0.0,
        0.0,
        0.0,
        0.0,
        0.0,
        0.0,
        0.0,
        0.0,
        0.0,
        0.0,
        0.0,
        0.0,
        0.0,
        1.3071895424836601,
        1.3071895424836601,
        1.3071895424836601,
        1.3071895424836601,
        1.3071895424836601,
        1.3071895424836601,
        1.3071895424836601,
        1.3071895424836601,
        1.3333333333333335,
        1.3333333333333335,
        1.3333333333333335,
        1.342281879194631,
        1.342281879194631,
        1.342281879194631,
        1.342281879194631,
        0.6711409395973155,
        0.6711409395973155,
        0.6756756756756757,
        0.6756756756756757,
        0.6756756756756757,
        0.6756756756756757,
        0.6756756756756757,
        0.6756756756756757,
        0.6756756756756757,
        0.6756756756756757,
        0.6756756756756757,
        0.6756756756756757,
        0.0,
        0.0,
        0.0,
        0.0,
        0.0,
        0.0,
        0.0,
        0.0,
        0.0,
        0.0,
        0.0,
        0.0,
        0.684931506849315,
        0.684931506849315,
        0.684931506849315,
        0.684931506849315,
        0.684931506849315,
        0.684931506849315,
        0.684931506849315,
        0.6896551724137931,
        0.6896551724137931,
        0.6896551724137931,
        0.6896551724137931,
        0.6896551724137931,
        0.6896551724137931,
        0.0,
        0.0,
        0.0,
        0.0,
        0.0,
        0.0,
        0.6896551724137931,
        0.6896551724137931,
        0.6944444444444444,
        0.6993006993006993,
        0.6993006993006993,
        0.6993006993006993,
        1.3986013986013985,
        1.3986013986013985,
        0.7042253521126761,
        0.7042253521126761,
        0.7042253521126761,
        0.7042253521126761,
        0.7042253521126761,
        0.7042253521126761,
        0.7092198581560284,
        0.7142857142857143,
        1.4285714285714286,
        1.4285714285714286,
        1.4285714285714286,
        1.4285714285714286,
        1.4285714285714286,
        0.7142857142857143,
        0.7142857142857143,
        0.7142857142857143,
        0.7194244604316548,
        0.7194244604316548,
        0.7194244604316548,
        0.7194244604316548,
        0.7194244604316548,
        0.7194244604316548,
        0.7194244604316548,
        0.7194244604316548,
        0.7194244604316548,
        0.7246376811594203,
        0.7246376811594203,
        0.7246376811594203,
        0.7246376811594203,
        1.4598540145985401,
        1.4598540145985401,
        1.4598540145985401,
        2.18978102189781,
        2.2058823529411766,
        2.2058823529411766,
        2.2058823529411766,
        2.2058823529411766,
        2.2058823529411766,
        2.2222222222222223,
        2.2222222222222223,
        2.2222222222222223,
        2.2388059701492535,
        1.4925373134328357,
        1.4925373134328357,
        1.5037593984962405,
        1.5037593984962405,
        0.7575757575757576,
        0.7575757575757576,
        0.7575757575757576,
        0.0,
        0.0,
        0.0,
        0.0,
        0.0,
        0.0,
        0.0,
        0.0,
        0.0,
        0.0,
        0.0,
        0.0,
        0.7874015748031495,
        0.7874015748031495,
        0.7936507936507936,
        0.8,
        0.8,
        0.8,
        0.8,
        0.8,
        0.8,
        0.8,
        0.8064516129032258,
        0.8064516129032258,
        0.8064516129032258,
        0.8064516129032258,
        0.8130081300813009,
        0.8130081300813009,
        0.819672131147541,
        0.819672131147541,
        0.0,
        0.0,
        0.0,
        0.0,
        0.0,
        0.0,
        0.0,
        0.0,
        0.0,
        0.0,
        0.0,
        0.0,
        0.0,
        0.0,
        0.0,
        0.0,
        0.0,
        0.0,
        0.0,
        0.0,
        0.0,
        0.0,
        0.0,
        0.0,
        0.8771929824561403,
        0.8771929824561403,
        0.8849557522123894,
        0.8849557522123894,
        0.8849557522123894,
        0.8849557522123894,
        0.8849557522123894,
        0.8928571428571428,
        0.8928571428571428,
        0.8928571428571428,
