{
    "algorithm": "GARSUD",
    "num_rsus": 7,
    "rsu_radius": 100,
    "coverage": 5.233404845049249,
    "avg_distance": 787.558837890625,
    "coverage_per_timestep": [
        0.0,
        0.0,
        0.0,
        0.0,
        0.0,
        0.0,
        0.0,
        0.0,
        0.0,
        0.0,
        0.0,
        0.0,
        0.0,
        0.0,
        0.0,
        0.0,
        0.0,
        3.4482758620689653,
        3.225806451612903,
        3.125,
        2.941176470588235,
        2.7777777777777777,
        5.405405405405405,
        5.128205128205128,
        5.0,
        4.878048780487805,
        4.651162790697675,
        4.545454545454546,
        4.444444444444445,
        4.25531914893617,
        4.081632653061225,
        4.0,
        3.8461538461538463,
        5.555555555555555,
        5.454545454545454,
        5.357142857142857,
        5.172413793103448,
        5.084745762711865,
        3.278688524590164,
        3.278688524590164,
        3.1746031746031744,
        3.076923076923077,
        3.0303030303030303,
        2.898550724637681,
        2.8169014084507045,
        2.8169014084507045,
        2.73972602739726,
        2.666666666666667,
        2.631578947368421,
        2.564102564102564,
        2.5,
        2.4691358024691357,
        2.4096385542168677,
        2.3529411764705883,
        3.488372093023256,
        3.4090909090909087,
        4.545454545454546,
        4.444444444444445,
        4.3478260869565215,
        5.376344086021505,
        5.263157894736842,
        5.154639175257731,
        5.1020408163265305,
        4.0,
        3.9215686274509802,
        3.8834951456310676,
        4.761904761904762,
        3.7383177570093453,
        3.7037037037037033,
        3.6363636363636362,
        3.571428571428571,
        3.5398230088495577,
        3.4782608695652173,
        3.418803418803419,
        2.5423728813559325,
        2.5,
        1.6528925619834711,
        0.8130081300813009,
        0.8064516129032258,
        0.8,
        0.7874015748031495,
        1.550387596899225,
        0.7692307692307693,
        0.7575757575757576,
        0.7462686567164178,
        0.7407407407407408,
        0.7299270072992701,
        0.7194244604316548,
        0.7142857142857143,
        0.7042253521126761,
        0.6944444444444444,
        0.6896551724137931,
        0.6802721088435374,
        0.6756756756756757,
        0.6711409395973155,
        0.0,
        0.0,
        0.0,
        0.0,
        0.0,
        0.0,
        0.0,
        0.0,
        0.6369426751592357,
        0.6369426751592357,
        0.6369426751592357,
        0.6369426751592357,
        1.2738853503184715,
        1.2738853503184715,
        1.910828025477707,
        1.910828025477707,
        2.547770700636943,
        2.547770700636943,
        2.547770700636943,
        2.547770700636943,
        3.1847133757961785,
        2.564102564102564,
        2.564102564102564,
        2.564102564102564,
        1.9230769230769231,
        1.9230769230769231,
        1.9230769230769231,
        1.9230769230769231,
        1.282051282051282,
        1.282051282051282,
        1.282051282051282,
        1.282051282051282,
        1.282051282051282,
        1.282051282051282,
        1.9230769230769231,
        1.9230769230769231,
        1.9230769230769231,
        1.282051282051282,
        1.282051282051282,
        1.2987012987012987,
        1.2987012987012987,
        1.2987012987012987,
        1.2987012987012987,
        1.2987012987012987,
        1.2987012987012987,
        1.2987012987012987,
        1.948051948051948,
        1.948051948051948,
        1.2987012987012987,
        0.6493506493506493,
        0.6493506493506493,
        1.2987012987012987,
        1.2987012987012987,
        1.2987012987012987,
        1.2987012987012987,
        1.2987012987012987,
        1.2987012987012987,
        1.2987012987012987,
        1.2987012987012987,
        1.2987012987012987,
        1.2987012987012987,
        1.3071895424836601,
        1.3071895424836601,
        1.3071895424836601,
        1.3071895424836601,
        1.3071895424836601,
        1.3071895424836601,
        0.6535947712418301,
        1.3071895424836601,
        1.3071895424836601,
        1.3071895424836601,
        1.3071895424836601,
        1.3071895424836601,
        1.3071895424836601,
        1.3071895424836601,
        1.3071895424836601,
        1.3071895424836601,
        1.3071895424836601,
        1.3071895424836601,
        1.3071895424836601,
        1.3333333333333335,
        2.0,
        2.0,
        2.013422818791946,
        1.342281879194631,
        1.342281879194631,
        1.342281879194631,
        2.013422818791946,
        2.013422818791946,
        2.027027027027027,
        2.027027027027027,
        2.027027027027027,
        2.027027027027027,
        2.027027027027027,
        2.7027027027027026,
        2.7027027027027026,
        2.7027027027027026,
        3.3783783783783785,
        3.3783783783783785,
        3.3783783783783785,
        3.4246575342465753,
        4.10958904109589,
        4.10958904109589,
        4.10958904109589,
        4.10958904109589,
        4.10958904109589,
        3.4246575342465753,
        3.4246575342465753,
        2.73972602739726,
        2.73972602739726,
        2.73972602739726,
        2.73972602739726,
        2.73972602739726,
        2.73972602739726,
        3.4246575342465753,
        2.73972602739726,
        2.054794520547945,
        2.73972602739726,
        3.4482758620689653,
        3.4482758620689653,
        3.4482758620689653,
        3.4482758620689653,
        4.137931034482759,
        4.137931034482759,
        4.137931034482759,
        4.137931034482759,
        4.137931034482759,
        4.137931034482759,
        3.4482758620689653,
        2.0689655172413794,
        2.0689655172413794,
        2.7586206896551726,
        2.7777777777777777,
        2.797202797202797,
        2.797202797202797,
        2.797202797202797,
        2.797202797202797,
        2.097902097902098,
        2.112676056338028,
        0.7042253521126761,
        0.7042253521126761,
        0.7042253521126761,
        2.112676056338028,
        2.112676056338028,
        2.8368794326241136,
        2.857142857142857,
        2.857142857142857,
        2.857142857142857,
        3.571428571428571,
        3.571428571428571,
        4.285714285714286,
        4.285714285714286,
        4.285714285714286,
        5.0,
        5.0359712230215825,
        5.0359712230215825,
        5.0359712230215825,
        5.755395683453238,
        5.755395683453238,
        5.755395683453238,
        5.0359712230215825,
        5.0359712230215825,
        4.316546762589928,
        2.898550724637681,
        2.898550724637681,
        2.898550724637681,
        3.6231884057971016,
        2.9197080291970803,
        4.37956204379562,
        3.64963503649635,
        3.64963503649635,
        3.6764705882352944,
        4.411764705882353,
        4.411764705882353,
        4.411764705882353,
        4.411764705882353,
        4.444444444444445,
        4.444444444444445,
        4.444444444444445,
        4.477611940298507,
        2.9850746268656714,
        2.2388059701492535,
        3.007518796992481,
        2.2556390977443606,
        2.272727272727273,
        3.0303030303030303,
        1.5151515151515151,
        1.5267175572519083,
        2.2900763358778624,
        3.8461538461538463,
        4.615384615384616,
        4.615384615384616,
        4.615384615384616,
        4.651162790697675,
        4.651162790697675,
        4.6875,
        3.937007874015748,
        3.937007874015748,
        3.937007874015748,
        3.937007874015748,
        3.149606299212598,
        3.1746031746031744,
        3.2,
        3.2,
        3.2,
        2.4,
        2.4,
        2.4,
        1.6,
        0.8064516129032258,
        0.8064516129032258,
        0.8064516129032258,
