{
    "algorithm": "PMCP_B",
    "num_rsus": 1,
    "rsu_radius": 200,
    "coverage": 3.5938552122645206,
    "avg_distance": 1392.2197265625,
    "coverage_per_timestep": [
        0.0,
        0.0,
        0.0,
        0.0,
        0.0,
        0.0,
        0.0,
        0.0,
        0.0,
        0.0,
        0.0,
        0.0,
        0.0,
        0.0,
        0.0,
        0.0,
        0.0,
        0.0,
        0.0,
        0.0,
        0.0,
        0.0,
        0.0,
        0.0,
        0.0,
        0.0,
        0.0,
        0.0,
        0.0,
        0.0,
        0.0,
        0.0,
        0.0,
        0.0,
        0.0,
        0.0,
        0.0,
        0.0,
        0.0,
        0.0,
        0.0,
        0.0,
        0.0,
        0.0,
        0.0,
        0.0,
        0.0,
        0.0,
        0.0,
        0.0,
        0.0,
        0.0,
        0.0,
        0.0,
        0.0,
        0.0,
        1.1363636363636365,
        1.1111111111111112,
        1.0869565217391304,
        1.0752688172043012,
        1.0526315789473684,
        1.0309278350515463,
        1.0204081632653061,
        1.0,
        0.0,
        0.0,
        0.0,
        0.0,
        0.0,
        0.0,
        0.0,
        0.0,
        0.0,
        0.0,
        0.0,
        0.0,
        0.0,
        0.0,
        0.0,
        0.0,
        0.0,
        0.0,
        0.0,
        0.0,
        0.0,
        0.0,
        0.0,
        0.0,
        0.0,
        0.0,
        0.0,
        0.0,
        0.0,
        0.0,
        0.0,
        0.0,
        0.0,
        0.0,
        1.282051282051282,
        1.2738853503184715,
        1.2738853503184715,
        1.2738853503184715,
        1.2738853503184715,
        1.2738853503184715,
        1.2738853503184715,
        1.2738853503184715,
        1.2738853503184715,
        1.2738853503184715,
        1.2738853503184715,
        1.910828025477707,
        1.910828025477707,
        1.910828025477707,
        1.910828025477707,
        1.910828025477707,
        1.910828025477707,
        1.910828025477707,
        1.9230769230769231,
        1.9230769230769231,
        2.564102564102564,
        2.564102564102564,
        2.564102564102564,
        2.564102564102564,
        2.564102564102564,
        2.564102564102564,
        1.9230769230769231,
        1.9230769230769231,
        1.9230769230769231,
        1.9230769230769231,
        1.9230769230769231,
        1.9230769230769231,
        1.9230769230769231,
        1.9230769230769231,
        1.9230769230769231,
        1.9230769230769231,
        1.948051948051948,
        1.2987012987012987,
        1.2987012987012987,
        1.2987012987012987,
        1.2987012987012987,
        1.948051948051948,
        1.948051948051948,
        1.948051948051948,
        1.948051948051948,
        1.948051948051948,
        1.948051948051948,
        1.948051948051948,
        1.948051948051948,
        1.948051948051948,
        1.948051948051948,
        1.948051948051948,
        1.2987012987012987,
        1.2987012987012987,
        1.2987012987012987,
        1.2987012987012987,
        1.2987012987012987,
        1.2987012987012987,
        1.3071895424836601,
        1.3071895424836601,
        1.3071895424836601,
        1.9607843137254901,
        1.9607843137254901,
        1.3071895424836601,
        1.3071895424836601,
        1.3071895424836601,
        1.3071895424836601,
        1.3071895424836601,
        1.3071895424836601,
        1.3071895424836601,
        1.9607843137254901,
        2.6143790849673203,
        3.2679738562091507,
        4.57516339869281,
        4.57516339869281,
        3.9215686274509802,
        3.9215686274509802,
        4.666666666666667,
        4.666666666666667,
        4.666666666666667,
        5.369127516778524,
        5.369127516778524,
        5.369127516778524,
        5.369127516778524,
        5.369127516778524,
        5.369127516778524,
        5.405405405405405,
        5.405405405405405,
        5.405405405405405,
        5.405405405405405,
        5.405405405405405,
        4.72972972972973,
        4.72972972972973,
        4.72972972972973,
        4.72972972972973,
        5.405405405405405,
        5.405405405405405,
        5.47945205479452,
        5.47945205479452,
        6.164383561643835,
        6.164383561643835,
        5.47945205479452,
        4.10958904109589,
        4.10958904109589,
        3.4246575342465753,
        2.73972602739726,
        2.73972602739726,
        2.73972602739726,
        2.73972602739726,
        3.4246575342465753,
        3.4246575342465753,
        3.4246575342465753,
        3.4246575342465753,
        3.4246575342465753,
        3.4246575342465753,
        3.4482758620689653,
        4.137931034482759,
        4.137931034482759,
        4.137931034482759,
        4.137931034482759,
        3.4482758620689653,
        3.4482758620689653,
        4.137931034482759,
        4.137931034482759,
        4.137931034482759,
        4.827586206896552,
        5.517241379310345,
        6.896551724137931,
        6.896551724137931,
        7.638888888888889,
        7.6923076923076925,
        6.993006993006993,
        6.993006993006993,
        6.993006993006993,
        7.6923076923076925,
        7.746478873239436,
        7.746478873239436,
        7.746478873239436,
        7.042253521126761,
        6.338028169014084,
        6.338028169014084,
        5.673758865248227,
        5.714285714285714,
        5.714285714285714,
        6.428571428571428,
        5.714285714285714,
        5.714285714285714,
        5.714285714285714,
        5.714285714285714,
        5.714285714285714,
        6.428571428571428,
        5.755395683453238,
        5.0359712230215825,
        5.0359712230215825,
        5.755395683453238,
        5.0359712230215825,
        4.316546762589928,
        2.877697841726619,
        2.877697841726619,
        2.877697841726619,
        2.898550724637681,
        2.1739130434782608,
        2.1739130434782608,
        2.1739130434782608,
        1.4598540145985401,
        1.4598540145985401,
        1.4598540145985401,
        1.4598540145985401,
        1.4705882352941175,
        2.2058823529411766,
        2.2058823529411766,
        2.2058823529411766,
        2.2058823529411766,
        2.2222222222222223,
        2.2222222222222223,
        2.2222222222222223,
        2.9850746268656714,
        2.9850746268656714,
        3.731343283582089,
        3.7593984962406015,
        3.7593984962406015,
        3.787878787878788,
        3.787878787878788,
        3.787878787878788,
        3.816793893129771,
        3.816793893129771,
        3.8461538461538463,
        3.8461538461538463,
        3.8461538461538463,
        3.8461538461538463,
        3.875968992248062,
        3.875968992248062,
        3.90625,
        3.937007874015748,
        3.937007874015748,
        3.937007874015748,
        3.149606299212598,
        3.937007874015748,
        4.761904761904762,
        5.6000000000000005,
        4.8,
        4.8,
        4.8,
        8.0,
        8.0,
        8.0,
        8.064516129032258,
        8.870967741935484,
        8.870967741935484,
        9.67741935483871,
        9.75609756097561,
        10.569105691056912,
        9.836065573770492,
        9.836065573770492,
        9.01639344262295,
        9.01639344262295,
        9.090909090909092,
        9.090909090909092,
        9.917355371900827,
        10.0,
        10.0,
        10.0,
        10.0,
        10.0,
        10.084033613445378,
        10.92436974789916,
        9.243697478991598,
        9.243697478991598,
        8.403361344537815,
        8.403361344537815,
        9.243697478991598,
        8.403361344537815,
        8.47457627118644,
        8.547008547008547,
        8.620689655172415,
        8.620689655172415,
        7.82608695652174,
        7.82608695652174,
        7.894736842105263,
        7.017543859649122,
        7.079646017699115,
        7.079646017699115,
