time_step,agent_id,x,y
0,200000,357058.35,5643387.01
0,200001,358168.48,5646571.819999999
0,200002,356644.54,5643526.27
0,200003,356056.35,5646715.6899999995
0,200004,355968.04,5643431.52
0,200005,356577.31,5646702.33
0,200006,357341.26,5645345.109999999
0,200007,355360.22000000003,5645758.87
0,200008,355458.01,5646028.899999999
0,200009,355360.22000000003,5645758.87
