time_step,agent_id,x,y
0,200000,358168.48,5646571.819999999
0,200001,354091.87,5643954.25
0,200002,356611.05,5643028.45
0,200003,357322.0,5644863.78
0,200004,358113.67,5646361.17
0,200005,355403.19,5644434.7299999995
0,200006,355932.41,5644371.53
0,200007,358616.5,5645775.06
0,200008,356683.99,5644426.149999999
0,200009,355403.19,5644434.7299999995
