time_step,agent_id,x,y
0,200000,356577.31,5646702.33
0,200001,358504.15,5646725.4799999995
0,200002,358504.15,5646725.4799999995
0,200003,357259.49,5646812.72
0,200004,358504.15,5646725.4799999995
0,200005,356577.31,5646702.33
0,200006,359387.37,5646590.359999999
0,200007,359387.37,5646590.359999999
0,200008,359387.37,5646590.359999999
0,200009,357259.49,5646812.72
