time_step,agent_id,x,y
0,200000,355932.41,5644371.53
0,200001,356687.65,5644851.81
0,200002,354773.04,5645712.399999999
0,200003,354055.7,5645323.78
0,200004,358511.2,5644390.92
0,200005,356652.61,5646262.55
0,200006,354123.4,5643031.56
0,200007,355374.01,5643925.53
0,200008,357511.47000000003,5644051.49
0,200009,356010.48,5645738.26
