time_step,agent_id,x,y
0,200000,354662.71,5643397.37
0,200001,356683.99,5644426.149999999
0,200002,356577.31,5646702.33
0,200003,355376.78,5645353.17
0,200004,359387.37,5646590.359999999
0,200005,355374.01,5643925.53
0,200006,354746.68,5646668.5
0,200007,356664.15,5643954.149999999
0,200008,355932.41,5644371.53
0,200009,356683.99,5644426.149999999
