time_step,agent_id,x,y
0,200000,358504.15,5646725.4799999995
0,200001,358168.48,5646571.819999999
0,200002,358168.48,5646571.819999999
0,200003,358504.15,5646725.4799999995
0,200004,356577.31,5646702.33
0,200005,359387.37,5646590.359999999
0,200006,359387.37,5646590.359999999
0,200007,358168.48,5646571.819999999
0,200008,358504.15,5646725.4799999995
0,200009,354056.09,5646939.59
